F_BUS,T_BUS,BR_R,BR_X,BR_B,RATE_A,RATE_B,RATE_C,TAP,SHIFT,BR_STATUS,ANGMIN,ANGMAX,PF,QF,PT,QT
1,2,0.01008,0.0504,0.1025,250,250,250,0,0,1,-360,360,38.6915323,22.2984558,-38.4648249,-31.2363186
1,3,0.00744,0.0372,0.0775,250,250,250,0,0,1,-360,360,98.1175455,61.2123848,-97.0861071,-63.5687023
2,4,0.00744,0.0372,0.0775,250,250,250,0,0,1,-360,360,-131.535175,-74.1136814,133.250652,74.9195576
3,4,0.01272,0.0636,0.1275,250,250,250,0,0,1,-360,360,-102.913893,-60.3712975,104.749348,56.9300855
