F_BUS,T_BUS,BR_R,BR_X,BR_B,RATE_A,RATE_B,RATE_C,TAP,SHIFT,BR_STATUS,ANGMIN,ANGMAX
1,2,0.01008,0.0504,0.1025,250,250,250,0,0,1,-360,360
1,3,0.00744,0.0372,0.0775,250,250,250,0,0,1,-360,360
2,4,0.00744,0.0372,0.0775,250,250,250,0,0,1,-360,360
3,4,0.01272,0.0636,0.1275,250,250,250,0,0,1,-360,360
