BUS_I,BUS_TYPE,PD,QD,GS,BS,BUS_AREA,VM,VA,BASE_KV,ZONE,VMAX,VMIN
1,3,50,30.99,0,0,1,1,0,230,1,1.1,0.9
2,1,170,105.35,0,0,1,0.982421039,-0.976121968,230,1,1.1,0.9
3,1,200,123.94,0,0,1,0.969004804,-1.87217671,230,1,1.1,0.9
4,2,80,49.58,0,0,1,1.02,1.52305529,230,1,1.1,0.9
