BUS_I,BUS_TYPE,PD,QD,GS,BS,BUS_AREA,VM,VA,BASE_KV,ZONE,VMAX,VMIN
1,3,50,30.99,0,0,1,1,0,230,1,1.1,0.9
2,1,170,105.35,0,0,1,1,-1.05907125,230,1,1.1,0.9
3,1,200,123.94,0,0,1,1,-2.03175651,230,1,1.1,0.9
4,2,80,49.58,0,0,1,1,1.78261841,230,1,1.1,0.9
